id,name,role,email,phone,linkedin,instagram,whatsapp,photo,description
1,Aryan Seethesh,VICE PRESIDENT,aryans24comp@student.mes.ac.in,,https://www.linkedin.com/in/aryan-seethesh-337b34320,https://www.instagram.com/aryan_seethesh,,,
2,Varun Pawar,MARKETING HEAD,varun24ecs@student.mes.ac.in,,https://www.linkedin.com/in/varun-pawar-74a332342,https://www.instagram.com/varunpawar37,,,
3,Aaryan Vele,GRAPHICS HEAD,aaryan24beit@student.mes.ac.in,,https://www.linkedin.com/in/aaryan-vele-93304a32a/,https://www.instagram.com/aaryan_vele,,,
4,Chirayu Durgude,GRAPHICS JT HEAD,chirayu24beit@student.mes.ac.in,,https://www.linkedin.com/in/chirayu-durgude,https://www.instagram.com/mr.chirayu_durgude,,,
5,Viraj Chandroth,GRAPHICS JT HEAD,viraj24comp@student.mes.ac.in,,https://www.linkedin.com/in/virajchandroth-tech/,https://www.instagram.com/_midnight_mystique/,,,
6,Swarya Sudhakar Patil,HR-PR HEAD,swarya24comp@student.mes.ac.in,,https://www.linkedin.com/in/swarya-patil-209360370,https://www.instagram.com/swaryapatil_,,,
7,Nidhi Manoj Gangan,CONTENT HEAD,nidhi24beit@student.mes.ac.in,,https://www.linkedin.com/in/nidhi-gangan-6b84b1365,https://www.instagram.com/nidhigangan,,,
8,Nidhi Mishra,CONTENT JT HEAD,nidhi24extc@student.mes.ac.in,,https://www.linkedin.com/in/nidhi-mishra-225292378,https://www.instagram.com/nidhi_mishra15,,,
9,Kunal Datkhile,TECH HEAD,kunal24comp@student.mes.ac.in,,https://www.linkedin.com/in/kunal-datkhile-54945734a/,https://www.instagram.com/kunaldatkhile?utm_source=qr,,,
10,Omkar Vishvmbhar Mourya,TECH JT HEAD,momkar24beit@student.mes.ac.in,,https://www.linkedin.com/in/omkar-mourya-392b07365,https://www.instagram.com/rare_0mkar,,,
11,Jatin Sanap,SMC HEAD,jatin24comp@student.mes.ac.in,,https://www.linkedin.com/in/jatin-sanap-074879328/,https://www.instagram.com/jatin_rs.07,,,
12,Shruti Patil,SMC JT HEAD,pshruti24comp@student.mes.ac.in,,https://www.linkedin.com/in/shruti-patil-0a62a93a5/,https://www.instagram.com/shrutipatil._.74/?utm_source=ig_web_button_share_sheet,,,
13,Aanish Gore,SMC COORDINATOR,aanish25comp@student.mes.ac.in,,https://www.linkedin.com/in/anish-gore-567344378?utm_source=share_via&utm_content=profile&utm_medium=member_android,https://www.instagram.com/_aanishhhhhh?stkn=eDQxczJ5dnNxOTV4,,,
14,Ankita Rawal,CONTENT COORDINATOR,ankita25beit@student.mes.ac.in,,https://www.linkedin.com/in/ankita-rawal-594b97381?utm_source=share_via&utm_content=profile&utm_medium=member_android,https://www.instagram.com/_.ankitarawal._?stkn=MTJvOWdsbDRxYmp1MA==,,,
15,Vivaan Uchil,MARKETING COORDINATOR,vivaan25comp@student.mes.ac.in,,https://www.linkedin.com/in/vivaan-uchil-87a096307/,https://www.instagram.com/uchil_vivaan?stkn=MW1idWRrNHhlZm1mOQ==,,,
16,Sanket Gaikwad,MARKETING COORDINATOR,sanket25comp@student.mes.ac.in,,https://www.linkedin.com/in/sanket-gaikwad-96653a285,https://www.instagram.com/_sanket_2007?stkn=dDV0bWxvc3I2NWd4,,,
17,Gitika Thube,HR-PR COORDINATOR,gitika25beit@student.mes.ac.in,,https://www.linkedin.com/in/gitika-thube-1b31a6403/,https://www.instagram.com/gitikka_21?stkn=MXZraHNzbWhtbjU5NA%3D%3D&utm_source=qr,,,
18,Maulik Kadam,GRAPHICS COORDINATOR,maulik25extc@student.mes.ac.in,,https://www.linkedin.com/in/moulik-kadam-8b67383a5/,https://www.instagram.com/moulik0411?stkn=MXU2emE4OHllOTR0OQ==,,,
19,Aysha Falisha,GRAPHICS COORDINATOR,aysha25comp@student.mes.ac.in,,https://www.linkedin.com/in/aysha-falisha,https://www.instagram.com/ayshafalisha?stkn=cmpyNnRqN3N3Ynhu,,,
20,yatharth kadam,TECH COORDINATOR,yatharth25extc@student.mes.ac.in,,,https://www.instagram.com/yatharth02007?stkn=YnQwMm1xOWxpbjZ5,,,
21,Siddharth Gharat,SMC COORDINATOR,siddharth25ecs@student.mes.ac.in,,https://www.linkedin.com/in/siddharth-gharat-8280a3387/,https://www.instagram.com/siddharthhhh._13?stkn=Z2FiNnhmYnVxNGI2&utm_source=qr,,,
22,Yash Gurav,CONTENT COORDINATOR,yashg25comp@student.mes.ac.in,,https://www.linkedin.com/in/yash-gurav-a05998427?utm_source=share_via&utm_content=profile&utm_medium=member_android,https://www.instagram.com/guravyash_464?igsh=MXNpNnB1aWt5ZDc1Ng==,,,
23,Sanchit Pathak,TECH COORDINATOR,sanchit25comp@student.mes.ac.in,,https://www.linkedin.com/in/sanchit-pathak-5a19b13a2/,https://www.instagram.com/sanchit_pathak_2348/,,,
